YEAR,MONTH,TOTAL_REVENUE
2010,12,572713.8900000000050537
2011,1,569445.0400000000028601
2011,2,447137.3500000000034089
2011,3,595500.7600000000040024
2011,4,469200.3610000000039492
2011,5,678594.5600000000037258
2011,6,661213.6900000000041645
2011,7,600091.0110000000037691
2011,8,645343.9000000000036325
2011,9,952838.3820000000069884
2011,10,1039318.7900000000052943
2011,11,1161817.3800000000086985
2011,12,518192.7900000000033198
